sheet,cell,row,column,formula,cached_value
Trajectory,C5,5,C,=Inputs!$F$5,368
Trajectory,D5,5,D,=Inputs!$F$6,392
Trajectory,E5,5,E,=Inputs!$F$7,625
Trajectory,F5,5,F,=Inputs!$F$8,627
Trajectory,G5,5,G,=Inputs!$F$9,678
Trajectory,C6,6,C,=Inputs!$H$5,24.2
Trajectory,D6,6,D,=Inputs!$H$6,34.9
Trajectory,E6,6,E,=Inputs!$H$7,37.5
Trajectory,F6,6,F,=Inputs!$H$8,31.9
Trajectory,G6,6,G,=Inputs!$H$9,41
Trajectory,C7,7,C,=C6*4*Inputs!$T$5,82.28
Trajectory,D7,7,D,=D6*4*Inputs!$T$5,118.66
Trajectory,E7,7,E,=E6*4*Inputs!$T$5,127.5
Trajectory,F7,7,F,=F6*4*Inputs!$T$5,108.46
Trajectory,G7,7,G,=G6*4*Inputs!$T$5,139.4
Trajectory,C8,8,C,=C5*Inputs!$R$5/Inputs!$S$5,73.6
Trajectory,D8,8,D,=D5*Inputs!$R$5/Inputs!$S$5,78.4
Trajectory,E8,8,E,=E5*Inputs!$R$5/Inputs!$S$5,125
Trajectory,F8,8,F,=F5*Inputs!$R$5/Inputs!$S$5,125.4
Trajectory,G8,8,G,=G5*Inputs!$R$5/Inputs!$S$5,135.6
Trajectory,C9,9,C,=C8*Inputs!$V$5/C7,0.26835196888672824
Trajectory,D9,9,D,=D8*Inputs!$V$5/D7,0.19821338277431316
Trajectory,E9,9,E,=E8*Inputs!$V$5/E7,0.29411764705882354
Trajectory,F9,9,F,=F8*Inputs!$V$5/F7,0.34685598377281945
Trajectory,G9,9,G,=G8*Inputs!$V$5/G7,0.29182209469153514
Trajectory,C10,10,C,=C9-Inputs!$X$5,0.17495196888672826
Trajectory,D10,10,D,=D9-Inputs!$X$5,0.10481338277431317
Trajectory,E10,10,E,=E9-Inputs!$X$5,0.20071764705882356
Trajectory,F10,10,F,=F9-Inputs!$X$5,0.25345598377281947
Trajectory,G10,10,G,=G9-Inputs!$X$5,0.19842209469153516
Trajectory,C12,12,C,=Inputs!$F$10,108.2
Trajectory,D12,12,D,=Inputs!$F$11,157.7
Trajectory,E12,12,E,=Inputs!$F$12,242.8
Trajectory,F12,12,F,=Inputs!$F$13,467.6
Trajectory,G12,12,G,=Inputs!$F$14,519.5
Trajectory,C13,13,C,=Inputs!$H$10,22.446
Trajectory,D13,13,D,=Inputs!$H$11,23.953
Trajectory,E13,13,E,=Inputs!$H$12,27.851
Trajectory,F13,13,F,=Inputs!$H$13,35.674
Trajectory,G13,13,G,=Inputs!$H$14,44.924
Trajectory,C14,14,C,=C13*4*Inputs!$T$6,71.8272
Trajectory,D14,14,D,=D13*4*Inputs!$T$6,76.6496
Trajectory,E14,14,E,=E13*4*Inputs!$T$6,89.1232
Trajectory,F14,14,F,=F13*4*Inputs!$T$6,114.1568
Trajectory,G14,14,G,=G13*4*Inputs!$T$6,143.7568
Trajectory,C15,15,C,=C12*Inputs!$R$6/Inputs!$S$6,28.131999999999998
Trajectory,D15,15,D,=D12*Inputs!$R$6/Inputs!$S$6,41.001999999999995
Trajectory,E15,15,E,=E12*Inputs!$R$6/Inputs!$S$6,63.12800000000001
Trajectory,F15,15,F,=F12*Inputs!$R$6/Inputs!$S$6,121.576
Trajectory,G15,15,G,=G12*Inputs!$R$6/Inputs!$S$6,135.07
Trajectory,C16,16,C,=C15*Inputs!$V$6/C14,0.11749866345896816
Trajectory,D16,16,D,=D15*Inputs!$V$6/D14,0.16047833256794553
Trajectory,E16,16,E,=E15*Inputs!$V$6/E14,0.2124968582815698
Trajectory,F16,16,F,=F15*Inputs!$V$6/F14,0.31949739305937097
Trajectory,G16,16,G,=G15*Inputs!$V$6/G14,0.2818718836256789
Trajectory,C17,17,C,=C16-Inputs!$X$6,0.010898663458968158
Trajectory,D17,17,D,=D16-Inputs!$X$6,0.053878332567945525
Trajectory,E17,17,E,=E16-Inputs!$X$6,0.1058968582815698
Trajectory,F17,17,F,=F16-Inputs!$X$6,0.21289739305937097
Trajectory,G17,17,G,=G16-Inputs!$X$6,0.1752718836256789
Trajectory,C19,19,C,=Inputs!$F$15,195
Trajectory,D19,19,D,=Inputs!$F$16,200
Trajectory,E19,19,E,=Inputs!$F$17,244
Trajectory,F19,19,F,=Inputs!$F$18,364
Trajectory,G19,19,G,=Inputs!$F$19,496
Trajectory,C20,20,C,=Inputs!$H$15,32.183
Trajectory,D20,20,D,=Inputs!$H$16,35.095
Trajectory,E20,20,E,=Inputs!$H$17,39.522
Trajectory,F20,20,F,=Inputs!$H$18,44.203
Trajectory,G20,20,G,=Inputs!$H$19,54.208
Trajectory,C21,21,C,=C20*4*Inputs!$T$7,96.549
Trajectory,D21,21,D,=D20*4*Inputs!$T$7,105.285
Trajectory,E21,21,E,=E20*4*Inputs!$T$7,118.566
Trajectory,F21,21,F,=F20*4*Inputs!$T$7,132.609
Trajectory,G21,21,G,=G20*4*Inputs!$T$7,162.624
Trajectory,C22,22,C,=C19*Inputs!$R$7/Inputs!$S$7,26.812500000000004
Trajectory,D22,22,D,=D19*Inputs!$R$7/Inputs!$S$7,27.500000000000004
Trajectory,E22,22,E,=E19*Inputs!$R$7/Inputs!$S$7,33.550000000000004
Trajectory,F22,22,F,=F19*Inputs!$R$7/Inputs!$S$7,50.050000000000004
Trajectory,G22,22,G,=G19*Inputs!$R$7/Inputs!$S$7,68.2
Trajectory,C23,23,C,=C22*Inputs!$V$7/C21,0.07775844389895288
Trajectory,D23,23,D,=D22*Inputs!$V$7/D21,0.0731348245239113
Trajectory,E23,23,E,=E22*Inputs!$V$7/E21,0.0792301334277955
Trajectory,F23,23,F,=F22*Inputs!$V$7/F21,0.10567910172009443
Trajectory,G23,23,G,=G22*Inputs!$V$7/G21,0.11742424242424244
Trajectory,C24,24,C,=C23-Inputs!$X$7,0.00505844389895288
Trajectory,D24,24,D,=D23-Inputs!$X$7,0.00043482452391130355
Trajectory,E24,24,E,=E23-Inputs!$X$7,0.006530133427795501
Trajectory,F24,24,F,=F23-Inputs!$X$7,0.032979101720094425
Trajectory,G24,24,G,=G23-Inputs!$X$7,0.044724242424242444
Trajectory,C26,26,C,=Inputs!$F$20,137.8
Trajectory,D26,26,D,=Inputs!$F$21,455.3
Trajectory,E26,26,E,=Inputs!$F$22,523.3
Trajectory,F26,26,F,=Inputs!$F$23,552.6
Trajectory,G26,26,G,=Inputs!$F$24,638
Trajectory,C27,27,C,=Inputs!$H$20,9.08
Trajectory,D27,27,D,=Inputs!$H$21,8.502
Trajectory,E27,27,E,=Inputs!$H$22,12.033
Trajectory,F27,27,F,=Inputs!$H$23,18.635
Trajectory,G27,27,G,=Inputs!$H$24,16.493
Trajectory,C28,28,C,=C27*4*Inputs!$T$8,32.688
Trajectory,D28,28,D,=D27*4*Inputs!$T$8,30.607200000000002
Trajectory,E28,28,E,=E27*4*Inputs!$T$8,43.318799999999996
Trajectory,F28,28,F,=F27*4*Inputs!$T$8,67.08600000000001
Trajectory,G28,28,G,=G27*4*Inputs!$T$8,59.37479999999999
Trajectory,C29,29,C,=C26*Inputs!$R$8/Inputs!$S$8,23.426000000000002
Trajectory,D29,29,D,=D26*Inputs!$R$8/Inputs!$S$8,77.401
Trajectory,E29,29,E,=E26*Inputs!$R$8/Inputs!$S$8,88.96099999999998
Trajectory,F29,29,F,=F26*Inputs!$R$8/Inputs!$S$8,93.942
Trajectory,G29,29,G,=G26*Inputs!$R$8/Inputs!$S$8,108.46
Trajectory,C30,30,C,=C29*Inputs!$V$8/C28,0.1289977973568282
Trajectory,D30,30,D,=D29*Inputs!$V$8/D28,0.455192895789226
Trajectory,E30,30,E,=E29*Inputs!$V$8/E28,0.36965428405218975
Trajectory,F30,30,F,=F29*Inputs!$V$8/F28,0.2520579554601556
Trajectory,G30,30,G,=G29*Inputs!$V$8/G28,0.32880616018917114
Trajectory,C31,31,C,=C30-Inputs!$X$8,0.05069779735682821
Trajectory,D31,31,D,=D30-Inputs!$X$8,0.376892895789226
Trajectory,E31,31,E,=E30-Inputs!$X$8,0.29135428405218977
Trajectory,F31,31,F,=F30-Inputs!$X$8,0.1737579554601556
Trajectory,G31,31,G,=G30-Inputs!$X$8,0.25050616018917116
Trajectory,C33,33,C,=Inputs!$F$25,47.516
Trajectory,D33,33,D,=Inputs!$F$26,51.242
Trajectory,E33,33,E,=Inputs!$F$27,59.893
Trajectory,F33,33,F,=Inputs!$F$28,56.311
Trajectory,G33,33,G,=Inputs!$F$29,60.801
Trajectory,C34,34,C,=Inputs!$H$25,17.012
Trajectory,D34,34,D,=Inputs!$H$26,19.374
Trajectory,E34,34,E,=Inputs!$H$27,22.137
Trajectory,F34,34,F,=Inputs!$H$28,19.84
Trajectory,G34,34,G,=Inputs!$H$29,31.078
Trajectory,C35,35,C,=C34*4*Inputs!$T$9,61.2432
Trajectory,D35,35,D,=D34*4*Inputs!$T$9,69.7464
Trajectory,E35,35,E,=E34*4*Inputs!$T$9,79.6932
Trajectory,F35,35,F,=F34*4*Inputs!$T$9,71.424
Trajectory,G35,35,G,=G34*4*Inputs!$T$9,111.8808
Trajectory,C36,36,C,=C33*4*Inputs!$R$9,38.0128
Trajectory,D36,36,D,=D33*4*Inputs!$R$9,40.9936
Trajectory,E36,36,E,=E33*4*Inputs!$R$9,47.9144
Trajectory,F36,36,F,=F33*4*Inputs!$R$9,45.0488
Trajectory,G36,36,G,=G33*4*Inputs!$R$9,48.640800000000006
Trajectory,C37,37,C,=C36*Inputs!$V$9/C35,0.19861953653630118
Trajectory,D37,37,D,=D36*Inputs!$V$9/D35,0.18808070380693487
Trajectory,E37,37,E,=E36*Inputs!$V$9/E35,0.19239543649897356
Trajectory,F37,37,F,=F36*Inputs!$V$9/F35,0.20183154121863797
Trajectory,G37,37,G,=G36*Inputs!$V$9/G35,0.13912177960829744
Trajectory,C38,38,C,=C37-Inputs!$X$9,0.09201953653630118
Trajectory,D38,38,D,=D37-Inputs!$X$9,0.08148070380693487
Trajectory,E38,38,E,=E37-Inputs!$X$9,0.08579543649897356
Trajectory,F38,38,F,=F37-Inputs!$X$9,0.09523154121863797
Trajectory,G38,38,G,=G37-Inputs!$X$9,0.03252177960829744
Snapshot,B6,6,B,=Inputs!$F$9,678
Snapshot,C6,6,C,=Inputs!$F$14,519.5
Snapshot,D6,6,D,=Inputs!$F$19,496
Snapshot,E6,6,E,=Inputs!$F$24,638
Snapshot,F6,6,F,=Inputs!$F$29*4,243.204
Snapshot,B7,7,B,=Inputs!$R$5,0.5
Snapshot,C7,7,C,=Inputs!$R$6,0.65
Snapshot,D7,7,D,=Inputs!$R$7,0.55
Snapshot,E7,7,E,=Inputs!$R$8,0.85
Snapshot,F7,7,F,=Inputs!$R$9,0.2
Snapshot,B8,8,B,=B6*B7,339
Snapshot,C8,8,C,=C6*C7,337.675
Snapshot,D8,8,D,=D6*D7,272.8
Snapshot,E8,8,E,=E6*E7,542.3
Snapshot,F8,8,F,=F6*F7,48.640800000000006
Snapshot,B9,9,B,=Inputs!$Z$5,175
Snapshot,C9,9,C,=Inputs!$Z$6,200
Snapshot,D9,9,D,=Inputs!$Z$7,200
Snapshot,E9,9,E,=Inputs!$Z$8,55.663
Snapshot,F9,9,F,=Inputs!$Z$9,137.5
Snapshot,B10,10,B,=Inputs!$AA$5,CY2026 reported capex outlook after FY26 Q4 results
Snapshot,C10,10,C,=Inputs!$AA$6,Midpoint of updated CY2026 $195B-$205B company range
Snapshot,D10,10,D,=Inputs!$AA$7,CY2026 company outlook; no replacement numeric Q2 update
Snapshot,E10,10,E,=Inputs!$AA$8,FY2026 reported actual; no comparable FY2027 gross-capex guide
Snapshot,F10,10,F,=Inputs!$AA$9,Midpoint of narrowed CY2026 $130B-$145B company range
Snapshot,B11,11,B,=Inputs!$T$5,0.85
Snapshot,C11,11,C,=Inputs!$T$6,0.8
Snapshot,D11,11,D,=Inputs!$T$7,0.75
Snapshot,E11,11,E,=Inputs!$T$8,0.9
Snapshot,F11,11,F,=Inputs!$T$9,0.9
Snapshot,B12,12,B,=B9*B11,148.75
Snapshot,C12,12,C,=C9*C11,160
Snapshot,D12,12,D,=D9*D11,150
Snapshot,E12,12,E,=E9*E11,50.0967
Snapshot,F12,12,F,=F9*F11,123.75
Snapshot,B13,13,B,=Inputs!$S$5,2.5
Snapshot,C13,13,C,=Inputs!$S$6,2.5
Snapshot,D13,13,D,=Inputs!$S$7,4
Snapshot,E13,13,E,=Inputs!$S$8,5
Snapshot,B14,14,B,=B8/B13,135.6
Snapshot,C14,14,C,=C8/C13,135.07
Snapshot,D14,14,D,=D8/D13,68.2
Snapshot,E14,14,E,=E8/E13,108.46
Snapshot,F14,14,F,=F8,48.640800000000006
Snapshot,B15,15,B,=Inputs!$V$5,0.3
Snapshot,C15,15,C,=Inputs!$V$6,0.3
Snapshot,D15,15,D,=Inputs!$V$7,0.28
Snapshot,E15,15,E,=Inputs!$V$8,0.18
Snapshot,F15,15,F,=Inputs!$V$9,0.32
Snapshot,B17,17,B,=B14*Inputs!$V$5/B12,0.27347899159663863
Snapshot,C17,17,C,=C14*Inputs!$V$6/C12,0.25325624999999996
Snapshot,D17,17,D,=D14*Inputs!$V$7/D12,0.12730666666666668
Snapshot,E17,17,E,=E14*Inputs!$V$8/E12,0.38970231572139474
Snapshot,F17,17,F,=F14*Inputs!$V$9/F12,0.12577823030303031
Snapshot,B18,18,B,=Inputs!$X$5,0.0934
Snapshot,C18,18,C,=Inputs!$X$6,0.1066
Snapshot,D18,18,D,=Inputs!$X$7,0.0727
Snapshot,E18,18,E,=Inputs!$X$8,0.0783
Snapshot,F18,18,F,=Inputs!$X$9,0.1066
Snapshot,B19,19,B,=B17-B18,0.18007899159663865
Snapshot,C19,19,C,=C17-C18,0.14665624999999996
Snapshot,D19,19,D,=D17-D18,0.05460666666666668
Snapshot,E19,19,E,=E17-E18,0.31140231572139476
Snapshot,F19,19,F,=F17-F18,0.019178230303030314
Snapshot,B20,20,B,=B14*Inputs!$U$5/B12,0.18231932773109244
Snapshot,C20,20,C,=C14*Inputs!$U$6/C12,0.1688375
Snapshot,D20,20,D,=D14*Inputs!$U$7/D12,0.09093333333333334
Snapshot,E20,20,E,=E14*Inputs!$U$8/E12,0.21650128651188602
Snapshot,F20,20,F,=F14*Inputs!$U$9/F12,0.09826424242424243
Snapshot,B21,21,B,=B20-B18,0.08891932773109244
Snapshot,C21,21,C,=C20-C18,0.0622375
Snapshot,D21,21,D,=D20-D18,0.018233333333333338
Snapshot,E21,21,E,=E20-E18,0.138201286511886
Snapshot,F21,21,F,=F20-F18,-0.008335757575757566
Snapshot,B22,22,B,=B14*Inputs!$W$5/B12,0.3646386554621849
Snapshot,C22,22,C,=C14*Inputs!$W$6/C12,0.337675
Snapshot,D22,22,D,=D14*Inputs!$W$7/D12,0.17277333333333333
Snapshot,E22,22,E,=E14*Inputs!$W$8/E12,0.541253216279715
Snapshot,F22,22,F,=F14*Inputs!$W$9/F12,0.15722278787878793
Snapshot,B23,23,B,=B22-B18,0.2712386554621849
Snapshot,C23,23,C,=C22-C18,0.231075
Snapshot,D23,23,D,=D22-D18,0.10007333333333333
Snapshot,E23,23,E,=E22-E18,0.46295321627971503
Snapshot,F23,23,F,=F22-F18,0.050622787878787934
Snapshot,B25,25,B,=Trajectory!$G$10,0.19842209469153516
Snapshot,C25,25,C,=Trajectory!$G$17,0.1752718836256789
Snapshot,D25,25,D,=Trajectory!$G$24,0.044724242424242444
Snapshot,E25,25,E,=Trajectory!$G$31,0.25050616018917116
Snapshot,F25,25,F,=Trajectory!$G$38,0.03252177960829744
Snapshot,B26,26,B,=Trajectory!$C$10,0.17495196888672826
Snapshot,C26,26,C,=Trajectory!$C$17,0.010898663458968158
Snapshot,D26,26,D,=Trajectory!$C$24,0.00505844389895288
Snapshot,E26,26,E,=Trajectory!$C$31,0.05069779735682821
Snapshot,F26,26,F,=Trajectory!$C$38,0.09201953653630118
Snapshot,B27,27,B,=(B25-B26)*10000,234.70125804806895
Snapshot,C27,27,C,=(C25-C26)*10000,1643.7322016671073
Snapshot,D27,27,D,=(D25-D26)*10000,396.6579852528956
Snapshot,E27,27,E,=(E25-E26)*10000,1998.0836283234294
Snapshot,F27,27,F,=(F25-F26)*10000,-594.9775692800374
